Time unix,X-axis,Y-axis,Z-axis
1717096800.811757,-15.986666666666668,-2.48,14.826666666666668
