Time unix,X-axis,Y-axis,Z-axis
1717096815.6628883,-15.96,-2.466666666666667,14.853333333333333
