Time unix,X-axis,Y-axis,Z-axis
1717096017.0380166,2.6933333333333334,-18.84,19.546666666666667
