Time unix,X-axis,Y-axis,Z-axis
1717094837.7467618,6.653333333333333,-17.906666666666666,22.520000000000003
