Time unix,X-axis,Y-axis,Z-axis
1717096850.8327956,-15.933333333333334,-2.48,14.906666666666668
