Time unix,X-axis,Y-axis,Z-axis
1717094475.9067922,6.720000000000001,-17.813333333333336,22.400000000000002
