Time unix,X-axis,Y-axis,Z-axis
1717096833.429845,-15.973333333333334,-2.48,14.920000000000002
