Time unix,X-axis,Y-axis,Z-axis
1717096873.408289,-16.013333333333335,-2.466666666666667,14.813333333333334
