Time unix,X-axis,Y-axis,Z-axis
1717096844.7849905,-15.946666666666667,-2.3866666666666667,14.760000000000002
