Time unix,X-axis,Y-axis,Z-axis
1717096859.4229922,-16.040000000000003,-2.4533333333333336,14.760000000000002
1717096859.638004,-16.0,-2.56,14.866666666666667
